<?xml version="1.1" encoding="UTF-8" standalone="yes"?>
<addons>

<addon id="repository.stuarts-repo" name="Stuarts rebuild-repo" version="2.0.0" provider-name="stuart">
	<extension point="xbmc.addon.repository" name="Stuarts Rebuild-repo">
			<info compressed="false">https://raw.githubusercontent.com/stujohaigh/wizard555/master/Stuarts%20rebuild/addons.xml</info>
			<checksum>https://raw.githubusercontent.com/stujohaigh/wizard555/master/Stuarts%20rebuild/addons.xml.md5</checksum>
			<datadir zip="true">https://raw.githubusercontent.com/stujohaigh/wizard555/master/Stuarts%20rebuild/zips</datadir>
	<requires>
		<import addon="xbmc.python" version="2.1.0"/>
		<import addon="script.module.simplejson" version="2.0.10"/>
	</requires>
	<extension point="xbmc.python.script" library="default.py"/>
	<extension point="xbmc.addon.metadata">
		<summary lang="en">Install Add-ons from Mr-Smiths-Repo</summary>
		<description lang="en">Download and install add-ons Mr-Smiths-Repo.</description>
		<platform>all</platform>
	</extension>






</addons>
