﻿<?xml version="1.1" encoding="UTF-8" standalone="yes"?>
<addon id="repository.stuarts-repo" name="rebuild-repo" version="1.0.0" provider-name="stuart">
	<extension point="xbmc.addon.repository" name="rebuild-repo">
			<info compressed="false">http://stuartsbuild.x10host.com/addons.xml</info>
			<checksum>http://stuartsbuild.x10host.com/addons.xml.md5</checksum>
			<datadir zip="true">http://stuartsbuild.x10host.com/repo</datadir>
	</extension>
	<extension point="xbmc.addon.metadata">
		<summary lang="en">Install stuarts rebuild wizard</summary>
		<description lang="en">Download and install stuarts rebuild wizard</description>
		<platform>all</platform>
	</extension>
</addon>